DR_NO,Date Rptd,DATE OCC,TIME OCC,AREA,AREA NAME,Rpt Dist No,Part 1-2,Crm Cd,Crm Cd Desc,Mocodes,Vict Age,Vict Sex,Vict Descent,Premis Cd,Premis Desc,Weapon Used Cd,Weapon Desc,Status,Status Desc,Crm Cd 1,Crm Cd 2,Crm Cd 3,Crm Cd 4,LOCATION,Cross Street,LAT,LON
201214097,06/04/2020 12:00:00 AM,06/04/2020 12:00:00 AM,1100,12,77th Street,1241,1,420,THEFT FROM MOTOR VEHICLE - PETTY ($950 & UNDER),,0,,,101.0,STREET,,,IC,Invest Cont,420.0,,,,6300    CRENSHAW                     BL,,33.9829,-118.3309
200213475,08/07/2020 12:00:00 AM,08/07/2020 12:00:00 AM,730,2,Rampart,217,2,624,BATTERY - SIMPLE ASSAULT,0216 0448 1822,24,F,W,109.0,PARK/PLAYGROUND,400.0,"STRONG-ARM (HANDS, FIST, FEET OR BODILY FORCE)",IC,Invest Cont,624.0,,,,GLENDALE,BELLEVUE,34.0706,-118.2615
200312437,06/08/2020 12:00:00 AM,06/08/2020 12:00:00 AM,1850,3,Southwest,392,2,740,"VANDALISM - FELONY ($400 & OVER, ALL CHURCH VANDALISMS)",0329 0913 1300 1814 2000,26,F,B,122.0,"VEHICLE, PASSENGER/TRUCK",,,IC,Invest Cont,740.0,,,,VAN NESS                     AV,S  VERNON                       AV,34.0037,-118.3171
200406033,02/21/2020 12:00:00 AM,02/21/2020 12:00:00 AM,1800,4,Hollenbeck,461,2,745,VANDALISM - MISDEAMEANOR ($399 OR UNDER),0329 2004,40,F,H,101.0,STREET,,,AO,Adult Other,745.0,,,,100 S  GLESS                        ST,,34.0474,-118.2229
200811585,07/07/2020 12:00:00 AM,03/13/2020 12:00:00 AM,5,8,West LA,824,2,354,THEFT OF IDENTITY,1822,38,F,W,501.0,SINGLE FAMILY DWELLING,,,IC,Invest Cont,354.0,,,,500    STASSI                       LN,,34.0328,-118.5101
200713537,09/05/2020 12:00:00 AM,09/05/2020 12:00:00 AM,2230,7,Wilshire,773,2,745,VANDALISM - MISDEAMEANOR ($399 OR UNDER),0329 1609,60,M,O,502.0,"MULTI-UNIT DWELLING (APARTMENT, DUPLEX, ETC)",,,AO,Adult Other,745.0,,,,1600 S  REDONDO                      BL,,34.0417,-118.3588
200304938,01/17/2020 12:00:00 AM,01/16/2020 12:00:00 AM,1900,3,Southwest,333,1,420,THEFT FROM MOTOR VEHICLE - PETTY ($950 & UNDER),,0,,,101.0,STREET,,,IC,Invest Cont,420.0,,,,2800    BUCKINGHAM                   RD,,34.0311,-118.3405
200915060,09/24/2020 12:00:00 AM,09/17/2020 12:00:00 AM,645,9,Van Nuys,989,1,331,THEFT FROM MOTOR VEHICLE - GRAND ($950.01 AND OVER),0385 1402,54,F,B,101.0,STREET,,,IC,Invest Cont,331.0,998.0,,,4400    VENTURA CANYON               AV,,34.1504,-118.4296
200716890,12/09/2020 12:00:00 AM,12/09/2020 12:00:00 AM,10,7,Wilshire,769,1,510,VEHICLE - STOLEN,,0,,,101.0,STREET,,,IC,Invest Cont,510.0,,,,1400    5TH                          AV,,34.046,-118.3225
200211305,06/13/2020 12:00:00 AM,06/13/2020 12:00:00 AM,2254,2,Rampart,247,1,236,INTIMATE PARTNER - AGGRAVATED ASSAULT,0913 2000 1814 0443 2002 0416 0446 0448,51,F,H,502.0,"MULTI-UNIT DWELLING (APARTMENT, DUPLEX, ETC)",400.0,"STRONG-ARM (HANDS, FIST, FEET OR BODILY FORCE)",IC,Invest Cont,236.0,,,,400 S  BONNIE BRAE                  ST,,34.0609,-118.2709
201227143,12/24/2020 12:00:00 AM,12/24/2020 12:00:00 AM,1930,12,77th Street,1267,2,624,BATTERY - SIMPLE ASSAULT,0913 0361 0416 0447 1309,29,F,H,103.0,ALLEY,306.0,ROCK/THROWN OBJECT,IC,Invest Cont,624.0,,,,900 W  84TH                         ST,,33.9624,-118.2883
200105512,01/22/2020 12:00:00 AM,01/22/2020 12:00:00 AM,2335,1,Central,152,2,951,"DEFRAUDING INNKEEPER/THEFT OF SERVICES, $950 & UNDER",1501,32,M,H,210.0,RESTAURANT/FAST FOOD,,,IC,Invest Cont,951.0,,,,500 W  7TH                          ST,,34.0491,-118.2558
200320599,11/19/2020 12:00:00 AM,09/21/2020 12:00:00 AM,700,3,Southwest,312,2,662,"BUNCO, GRAND THEFT",0701 1822,51,F,H,501.0,SINGLE FAMILY DWELLING,,,IC,Invest Cont,662.0,,,,2700 S  MANSFIELD                    AV,,34.0291,-118.3535
200809961,05/26/2020 12:00:00 AM,05/25/2020 12:00:00 AM,1,8,West LA,898,1,310,BURGLARY,0344 0352 1607 1822,59,M,A,501.0,SINGLE FAMILY DWELLING,,,IC,Invest Cont,310.0,,,,2400 S  HOLT                         AV,,34.0385,-118.3815
200613342,08/01/2020 12:00:00 AM,07/31/2020 12:00:00 AM,2000,6,Hollywood,676,1,510,VEHICLE - STOLEN,,0,,,101.0,STREET,,,IC,Invest Cont,510.0,,,,800 N  HUDSON                       AV,,34.0853,-118.3321
201004254,01/07/2020 12:00:00 AM,01/07/2020 12:00:00 AM,450,10,West Valley,1041,2,933,PROWLER,0314 0216,39,F,W,501.0,SINGLE FAMILY DWELLING,,,IC,Invest Cont,933.0,,,,6000    CALVIN                       AV,,34.1793,-118.5557
200512066,07/20/2020 12:00:00 AM,07/20/2020 12:00:00 AM,750,5,Harbor,585,1,230,"ASSAULT WITH DEADLY WEAPON, AGGRAVATED ASSAULT",2003 0561 0913 0602 1202 1402 0416,60,F,B,501.0,SINGLE FAMILY DWELLING,311.0,HAMMER,AA,Adult Arrest,230.0,998.0,,,600 W  23RD                         ST,,33.7234,-118.2907
200218354,12/08/2020 12:00:00 AM,12/08/2020 12:00:00 AM,345,2,Rampart,238,1,330,BURGLARY FROM VEHICLE,1822 1309 0342 0344 1607 1302,57,M,H,707.0,GARAGE/CARPORT,,,IC,Invest Cont,330.0,,,,200 N  BIXEL                        ST,,34.0628,-118.2553
200906344,02/22/2020 12:00:00 AM,02/21/2020 12:00:00 AM,1530,9,Van Nuys,948,1,440,THEFT PLAIN - PETTY ($950 & UNDER),0344 0327,36,M,W,101.0,STREET,,,AO,Adult Other,440.0,,,,13600    CHANDLER                     BL,,34.1725,-118.4268
200918961,12/29/2020 12:00:00 AM,12/29/2020 12:00:00 AM,1548,9,Van Nuys,991,2,888,TRESPASSING,1402 1202,61,M,W,501.0,SINGLE FAMILY DWELLING,,,IC,Invest Cont,888.0,998.0,,,14900    JADESTONE                    DR,,34.1366,-118.4583
201011634,08/03/2020 12:00:00 AM,07/18/2020 12:00:00 AM,130,10,West Valley,1015,2,624,BATTERY - SIMPLE ASSAULT,0913 0552 0444 0448 0416,36,F,B,502.0,"MULTI-UNIT DWELLING (APARTMENT, DUPLEX, ETC)",400.0,"STRONG-ARM (HANDS, FIST, FEET OR BODILY FORCE)",AO,Adult Other,624.0,,,,7400    CANBY                        AV,,34.2048,-118.5339
200317656,09/20/2020 12:00:00 AM,09/19/2020 12:00:00 AM,2100,3,Southwest,397,2,740,"VANDALISM - FELONY ($400 & OVER, ALL CHURCH VANDALISMS)",0329 1300 1202,69,F,B,122.0,"VEHICLE, PASSENGER/TRUCK",,,IC,Invest Cont,740.0,,,,4100    DALTON                       AV,,34.0097,-118.3034
200106214,02/01/2020 12:00:00 AM,01/31/2020 12:00:00 AM,2100,1,Central,159,1,330,BURGLARY FROM VEHICLE,0329 1822 1307 0344 1609,40,M,H,101.0,STREET,,,IC,Invest Cont,330.0,,,,4TH,ALAMEDA,34.0433,-118.2381
200611014,06/03/2020 12:00:00 AM,06/03/2020 12:00:00 AM,1400,6,Hollywood,668,2,740,"VANDALISM - FELONY ($400 & OVER, ALL CHURCH VANDALISMS)",1300 2004 0329,52,M,H,102.0,SIDEWALK,,,IC,Invest Cont,740.0,,,,5500    FERNWOOD                     AV,,34.0958,-118.3092
200711901,07/22/2020 12:00:00 AM,07/12/2020 12:00:00 AM,1700,7,Wilshire,721,1,310,BURGLARY,0344,36,M,W,707.0,GARAGE/CARPORT,,,IC,Invest Cont,310.0,,,,8800 W  3RD                          ST,,34.0736,-118.3838
201205616,01/23/2020 12:00:00 AM,01/22/2020 12:00:00 AM,1015,12,77th Street,1233,2,860,BATTERY WITH SEXUAL CONTACT,0913 0305 0448 0520 0531,21,F,B,517.0,MISSIONS/SHELTERS,400.0,"STRONG-ARM (HANDS, FIST, FEET OR BODILY FORCE)",AA,Adult Arrest,860.0,,,,5900 S  ST ANDREWS                   PL,,33.9862,-118.3111
201305998,02/05/2020 12:00:00 AM,02/05/2020 12:00:00 AM,400,13,Newton,1333,2,740,"VANDALISM - FELONY ($400 & OVER, ALL CHURCH VANDALISMS)",0329,52,M,H,122.0,"VEHICLE, PASSENGER/TRUCK",,,IC,Invest Cont,740.0,,,,400 E  28TH                         ST,,34.0218,-118.2665
200908386,04/12/2020 12:00:00 AM,04/06/2020 12:00:00 AM,430,9,Van Nuys,981,1,420,THEFT FROM MOTOR VEHICLE - PETTY ($950 & UNDER),0344,25,M,B,101.0,STREET,,,IC,Invest Cont,420.0,,,,15100    VALLEY VISTA                 BL,,34.1506,-118.4627
200706968,03/04/2020 12:00:00 AM,02/20/2020 12:00:00 AM,1000,7,Wilshire,701,1,480,BIKE - STOLEN,0344,21,M,W,710.0,OTHER PREMISE,,,IC,Invest Cont,480.0,,,,600 N  FAIRFAX                      AV,,34.0847,-118.3686
201015294,11/22/2020 12:00:00 AM,11/16/2020 12:00:00 AM,1630,10,West Valley,1008,1,510,VEHICLE - STOLEN,,0,,,101.0,STREET,,,IC,Invest Cont,510.0,,,,6600    VALJEAN                      AV,,34.2077,-118.4912
201014585,10/30/2020 12:00:00 AM,10/25/2020 12:00:00 AM,2115,10,West Valley,1023,2,624,BATTERY - SIMPLE ASSAULT,0444 1309 0361 0913 0603,35,F,H,501.0,SINGLE FAMILY DWELLING,400.0,"STRONG-ARM (HANDS, FIST, FEET OR BODILY FORCE)",IC,Invest Cont,624.0,,,,18900    GAULT                        ST,,34.1993,-118.5447
200608400,03/25/2020 12:00:00 AM,03/25/2020 12:00:00 AM,1115,6,Hollywood,678,1,480,BIKE - STOLEN,0344 0397,29,M,W,119.0,"PORCH, RESIDENTIAL",,,IC,Invest Cont,480.0,,,,MELROSE,MARATHON,34.0864,-118.3059
200108587,03/06/2020 12:00:00 AM,03/05/2020 12:00:00 AM,1800,1,Central,157,1,520,VEHICLE - ATTEMPT STOLEN,1202 1302 0329,61,M,B,101.0,STREET,,,IC,Invest Cont,520.0,,,,6TH,CROCKER,34.0412,-118.2436
201211405,04/23/2020 12:00:00 AM,04/23/2020 12:00:00 AM,155,12,77th Street,1213,2,740,"VANDALISM - FELONY ($400 & OVER, ALL CHURCH VANDALISMS)",0329 1307 1309 1822,51,M,B,122.0,"VEHICLE, PASSENGER/TRUCK",,,IC,Invest Cont,740.0,,,,5600 S  WESTERN                      AV,,33.9915,-118.3089
201106093,02/16/2020 12:00:00 AM,02/16/2020 12:00:00 AM,1145,11,Northeast,1141,1,236,INTIMATE PARTNER - AGGRAVATED ASSAULT,0913 2000 1813 0416 0400,37,M,O,502.0,"MULTI-UNIT DWELLING (APARTMENT, DUPLEX, ETC)",500.0,UNKNOWN WEAPON/OTHER WEAPON,AO,Adult Other,236.0,,,,1900 N  KENMORE                      AV,,34.1054,-118.2973
201009781,06/07/2020 12:00:00 AM,06/07/2020 12:00:00 AM,400,10,West Valley,1039,2,354,THEFT OF IDENTITY,0100 1822 0922,19,F,H,502.0,"MULTI-UNIT DWELLING (APARTMENT, DUPLEX, ETC)",,,IC,Invest Cont,354.0,,,,6700    WOODLEY                      AV,,34.1921,-118.4836
201207103,02/13/2020 12:00:00 AM,02/01/2020 12:00:00 AM,1530,12,77th Street,1251,1,510,VEHICLE - STOLEN,,0,,,101.0,STREET,,,AO,Adult Other,510.0,,,,6800    WEST                         BL,,33.9769,-118.3352
200305385,01/24/2020 12:00:00 AM,01/21/2020 12:00:00 AM,2000,3,Southwest,356,1,480,BIKE - STOLEN,1251 0344,30,M,H,501.0,SINGLE FAMILY DWELLING,,,IC,Invest Cont,480.0,,,,1700 W  JEFFERSON                    BL,,34.0256,-118.3061
201212039,05/02/2020 12:00:00 AM,05/02/2020 12:00:00 AM,1145,12,77th Street,1257,1,520,VEHICLE - ATTEMPT STOLEN,1612 1822,46,M,H,101.0,STREET,400.0,"STRONG-ARM (HANDS, FIST, FEET OR BODILY FORCE)",IC,Invest Cont,520.0,,,,900 W  78TH                         ST,,33.9688,-118.2893
201011624,08/02/2020 12:00:00 AM,08/02/2020 12:00:00 AM,405,10,West Valley,1024,1,310,BURGLARY,1609 1420 1602 1822 0216 0206 0202,0,M,W,203.0,OTHER BUSINESS,,,IC,Invest Cont,310.0,,,,7000    RESEDA                       BL,,34.1958,-118.5399
200120866,11/11/2020 12:00:00 AM,11/11/2020 12:00:00 AM,150,1,Central,166,1,230,"ASSAULT WITH DEADLY WEAPON, AGGRAVATED ASSAULT",0416 1218 2021 2004 1820 0913,18,F,B,502.0,"MULTI-UNIT DWELLING (APARTMENT, DUPLEX, ETC)",500.0,UNKNOWN WEAPON/OTHER WEAPON,AO,Adult Other,230.0,,,,400 E  7TH                          ST,,34.0421,-118.2469
201105477,02/03/2020 12:00:00 AM,02/02/2020 12:00:00 AM,1634,11,Northeast,1163,2,740,"VANDALISM - FELONY ($400 & OVER, ALL CHURCH VANDALISMS)",1822 0329,35,M,W,501.0,SINGLE FAMILY DWELLING,,,IC,Invest Cont,740.0,,,,1200 N  BERENDO                      ST,,34.0934,-118.2947
201114901,10/21/2020 12:00:00 AM,10/20/2020 12:00:00 AM,2200,11,Northeast,1169,2,626,INTIMATE PARTNER - SIMPLE ASSAULT,2000 0913 1813 0444,43,F,H,502.0,"MULTI-UNIT DWELLING (APARTMENT, DUPLEX, ETC)",400.0,"STRONG-ARM (HANDS, FIST, FEET OR BODILY FORCE)",AO,Adult Other,626.0,,,,200 S  AVE 54,,34.104,-118.1971
200105855,01/27/2020 12:00:00 AM,01/27/2020 12:00:00 AM,2013,1,Central,124,1,230,"ASSAULT WITH DEADLY WEAPON, AGGRAVATED ASSAULT",1218 2004 0416 1822 0445 1402 2003,62,M,H,102.0,SIDEWALK,500.0,UNKNOWN WEAPON/OTHER WEAPON,AA,Adult Arrest,230.0,,,,1ST,SPRING,34.053,-118.2444
200210774,05/29/2020 12:00:00 AM,05/29/2020 12:00:00 AM,630,2,Rampart,218,2,624,BATTERY - SIMPLE ASSAULT,0416 1817,49,M,O,109.0,PARK/PLAYGROUND,400.0,"STRONG-ARM (HANDS, FIST, FEET OR BODILY FORCE)",IC,Invest Cont,624.0,,,,PARK                         AV,ECHO PARK                    AV,34.0748,-118.2586
201212484,05/09/2020 12:00:00 AM,05/07/2020 12:00:00 AM,1346,12,77th Street,1209,2,662,"BUNCO, GRAND THEFT",0701 0800 1251 1822,23,F,H,501.0,SINGLE FAMILY DWELLING,,,IC,Invest Cont,662.0,,,,4500 S  FIGUEROA                     ST,,34.0028,-118.2827
201208715,03/08/2020 12:00:00 AM,03/06/2020 12:00:00 AM,2200,12,77th Street,1243,1,230,"ASSAULT WITH DEADLY WEAPON, AGGRAVATED ASSAULT",0302 0450 1100 0342 0913 0416,54,M,B,101.0,STREET,102.0,HAND GUN,IC,Invest Cont,230.0,,,,6400    CIMARRON                     ST,,33.9819,-118.3158
201015446,11/11/2020 12:00:00 AM,11/06/2020 12:00:00 AM,2235,10,West Valley,1031,1,420,THEFT FROM MOTOR VEHICLE - PETTY ($950 & UNDER),1300 0344 1822 1202 0385,67,F,W,101.0,STREET,,,IC,Invest Cont,420.0,,,,19500    CALVERT                      ST,,34.1832,-118.5575
201016207,12/16/2020 12:00:00 AM,12/14/2020 12:00:00 AM,1137,10,West Valley,1079,1,440,THEFT PLAIN - PETTY ($950 & UNDER),1822 0344 0394,39,M,B,502.0,"MULTI-UNIT DWELLING (APARTMENT, DUPLEX, ETC)",,,IC,Invest Cont,440.0,,,,15500    MOORPARK                     ST,,34.156,-118.4722
201208160,03/01/2020 12:00:00 AM,02/29/2020 12:00:00 AM,2100,12,77th Street,1218,1,510,VEHICLE - STOLEN,,0,,,101.0,STREET,,,IC,Invest Cont,510.0,,,,900 W  56TH                         ST,,33.9914,-118.2893
201213502,05/25/2020 12:00:00 AM,05/25/2020 12:00:00 AM,2000,12,77th Street,1239,2,626,INTIMATE PARTNER - SIMPLE ASSAULT,2000 1814 0913 0416,22,F,H,501.0,SINGLE FAMILY DWELLING,400.0,"STRONG-ARM (HANDS, FIST, FEET OR BODILY FORCE)",AO,Adult Other,626.0,,,,5900    DENVER                       AV,,33.9864,-118.2838
200112252,05/27/2020 12:00:00 AM,05/27/2020 12:00:00 AM,1830,1,Central,148,1,761,BRANDISH WEAPON,1218 2004 0334 0421 0443 0913 0361,25,M,B,502.0,"MULTI-UNIT DWELLING (APARTMENT, DUPLEX, ETC)",102.0,HAND GUN,AA,Adult Arrest,761.0,,,,600 E  5TH                          ST,,34.0438,-118.2416
200406222,02/26/2020 12:00:00 AM,01/26/2020 12:00:00 AM,2000,4,Hollenbeck,473,2,930,CRIMINAL THREATS - NO WEAPON DISPLAYED,0561 0443,55,F,H,501.0,SINGLE FAMILY DWELLING,511.0,VERBAL THREAT,IC,Invest Cont,930.0,,,,2300    ROGERS                       AV,,34.0356,-118.2167
200714649,10/08/2020 12:00:00 AM,10/08/2020 12:00:00 AM,230,7,Wilshire,722,1,815,SEXUAL PENETRATION W/FOREIGN OBJECT,1206 1219 0500 0540 1822 0305,42,F,W,501.0,SINGLE FAMILY DWELLING,400.0,"STRONG-ARM (HANDS, FIST, FEET OR BODILY FORCE)",IC,Invest Cont,815.0,,,,8300 W  3RD                          ST,,34.0727,-118.37
200916849,11/04/2020 12:00:00 AM,10/25/2020 12:00:00 AM,1800,9,Van Nuys,932,1,420,THEFT FROM MOTOR VEHICLE - PETTY ($950 & UNDER),,0,,,101.0,STREET,,,IC,Invest Cont,420.0,,,,CALVERT                      ST,CHESTER                      AV,34.1839,-118.4605
200414764,11/10/2020 12:00:00 AM,11/10/2020 12:00:00 AM,1350,4,Hollenbeck,443,2,888,TRESPASSING,1501,0,M,W,203.0,OTHER BUSINESS,,,AO,Adult Other,888.0,,,,1100    CORNWELL                     ST,,34.0556,-118.2051
200105009,01/14/2020 12:00:00 AM,01/14/2020 12:00:00 AM,1630,1,Central,132,1,440,THEFT PLAIN - PETTY ($950 & UNDER),0344 2032 0910 1822 1266,27,M,H,901.0,MTA - RED LINE - CIVIC CENTER/GRAND PARK,,,IC,Invest Cont,440.0,,,,100 S  HILL                         ST,,34.0547,-118.2505
200716365,11/25/2020 12:00:00 AM,11/25/2020 12:00:00 AM,1040,7,Wilshire,788,1,440,THEFT PLAIN - PETTY ($950 & UNDER),1300 0344,54,M,H,101.0,STREET,,,IC,Invest Cont,440.0,,,,WASHINGTON                   BL,12TH                         AV,34.0399,-118.3276
200409977,06/19/2020 12:00:00 AM,06/19/2020 12:00:00 AM,1800,4,Hollenbeck,439,1,330,BURGLARY FROM VEHICLE,1302 1307 0344,40,M,H,108.0,PARKING LOT,,,IC,Invest Cont,330.0,,,,1900 N  MARIANNA                     AV,,34.0635,-118.1791
200710724,06/19/2020 12:00:00 AM,05/23/2020 12:00:00 AM,1330,7,Wilshire,705,1,310,BURGLARY,0344 1606,54,M,W,501.0,SINGLE FAMILY DWELLING,,,IC,Invest Cont,310.0,,,,600 N  ALTA VISTA                   BL,,34.0819,-118.3474
200413666,10/10/2020 12:00:00 AM,10/10/2020 12:00:00 AM,1723,4,Hollenbeck,412,2,624,BATTERY - SIMPLE ASSAULT,0444 0913,56,M,H,502.0,"MULTI-UNIT DWELLING (APARTMENT, DUPLEX, ETC)",400.0,"STRONG-ARM (HANDS, FIST, FEET OR BODILY FORCE)",IC,Invest Cont,624.0,,,,100 W  AVENUE 26,,34.0766,-118.2157
201111490,07/16/2020 12:00:00 AM,07/10/2020 12:00:00 AM,2000,11,Northeast,1138,1,330,BURGLARY FROM VEHICLE,1300 0344 1307,35,F,W,108.0,PARKING LOT,,,IC,Invest Cont,330.0,,,,5700    YORK                         BL,,34.1188,-118.1934
200816677,11/20/2020 12:00:00 AM,11/18/2020 12:00:00 AM,2000,8,West LA,841,1,310,BURGLARY,1609 0344 0352 1822,34,F,O,502.0,"MULTI-UNIT DWELLING (APARTMENT, DUPLEX, ETC)",,,IC,Invest Cont,310.0,,,,1400    ARMACOST                     AV,,34.0423,-118.4656
200910141,05/26/2020 12:00:00 AM,05/25/2020 12:00:00 AM,1915,9,Van Nuys,935,1,510,VEHICLE - STOLEN,,0,,,123.0,PARKING UNDERGROUND/BUILDING,,,IC,Invest Cont,510.0,,,,14200    VICTORY                      BL,,34.1867,-118.4421
201115101,10/26/2020 12:00:00 AM,10/25/2020 12:00:00 AM,2305,11,Northeast,1132,1,331,THEFT FROM MOTOR VEHICLE - GRAND ($950.01 AND OVER),0344 0352 1606,39,M,W,101.0,STREET,,,IC,Invest Cont,331.0,,,,AMESBURY,BRAEBURN,34.1171,-118.2805
200216525,10/22/2020 12:00:00 AM,10/22/2020 12:00:00 AM,1735,2,Rampart,279,1,230,"ASSAULT WITH DEADLY WEAPON, AGGRAVATED ASSAULT",0416 0446 0445 0369 0421 0432 1218 1817 0913,50,M,H,102.0,SIDEWALK,511.0,VERBAL THREAT,IC,Invest Cont,230.0,,,,1400    JAMES M WOOD                 BL,,34.0495,-118.2701
200617066,10/23/2020 12:00:00 AM,10/22/2020 12:00:00 AM,1605,6,Hollywood,647,1,440,THEFT PLAIN - PETTY ($950 & UNDER),0344 2004 1822,39,M,W,121.0,YARD (RESIDENTIAL/BUSINESS),,,IC,Invest Cont,440.0,,,,VAN NESS,SUNSET,34.0981,-118.3158
200714415,09/30/2020 12:00:00 AM,09/29/2020 12:00:00 AM,2100,7,Wilshire,702,2,745,VANDALISM - MISDEAMEANOR ($399 OR UNDER),0329,19,M,O,203.0,OTHER BUSINESS,,,IC,Invest Cont,745.0,,,,7600 W  MELROSE                      AV,,34.0837,-118.3553
200115210,07/22/2020 12:00:00 AM,07/22/2020 12:00:00 AM,1025,1,Central,122,2,930,CRIMINAL THREATS - NO WEAPON DISPLAYED,1414 0421 0356 1822,32,M,A,725.0,"GOVERNMENT FACILITY (FEDERAL,STATE, COUNTY & CITY)",511.0,VERBAL THREAT,IC,Invest Cont,930.0,,,,100 N  HILL                         ST,,34.0572,-118.2481
200119654,10/17/2020 12:00:00 AM,10/17/2020 12:00:00 AM,538,1,Central,159,1,310,BURGLARY,0344 1822 1414 1420,0,X,X,210.0,RESTAURANT/FAST FOOD,,,IC,Invest Cont,310.0,,,,1800    INDUSTRIAL                   ST,,34.0357,-118.2324
200515535,10/20/2020 12:00:00 AM,10/20/2020 12:00:00 AM,1007,5,Harbor,564,1,510,VEHICLE - STOLEN,,0,,,108.0,PARKING LOT,,,AA,Adult Arrest,510.0,,,,200 W  6TH                          ST,,33.7387,-118.2814
200112729,06/02/2020 12:00:00 AM,06/02/2020 12:00:00 AM,1450,1,Central,134,1,230,"ASSAULT WITH DEADLY WEAPON, AGGRAVATED ASSAULT",1218 0416 1822,34,M,B,102.0,SIDEWALK,400.0,"STRONG-ARM (HANDS, FIST, FEET OR BODILY FORCE)",IC,Invest Cont,230.0,,,,4TH                          ST,HILL                         ST,34.0503,-118.2504
200415745,12/08/2020 12:00:00 AM,12/07/2020 12:00:00 AM,2000,4,Hollenbeck,488,1,230,"ASSAULT WITH DEADLY WEAPON, AGGRAVATED ASSAULT",0913 0416 0446 0417 0555,64,M,H,501.0,SINGLE FAMILY DWELLING,500.0,UNKNOWN WEAPON/OTHER WEAPON,AO,Adult Other,230.0,,,,3400 E  8TH                          ST,,34.0238,-118.2058
200913988,08/26/2020 12:00:00 AM,08/25/2020 12:00:00 AM,1600,9,Van Nuys,937,1,510,VEHICLE - STOLEN,,0,,,101.0,STREET,,,IC,Invest Cont,510.0,,,,HAZELTINE                    AV,ERWIN                        ST,34.1836,-118.44
201109861,05/28/2020 12:00:00 AM,05/27/2020 12:00:00 AM,2100,11,Northeast,1119,1,331,THEFT FROM MOTOR VEHICLE - GRAND ($950.01 AND OVER),0344,30,F,H,101.0,STREET,,,IC,Invest Cont,331.0,,,,1300    NEOLA                        ST,,34.1347,-118.1939
201009951,06/13/2020 12:00:00 AM,06/13/2020 12:00:00 AM,1145,10,West Valley,1063,2,624,BATTERY - SIMPLE ASSAULT,1822 0416 0209 1420,59,F,O,402.0,MARKET,400.0,"STRONG-ARM (HANDS, FIST, FEET OR BODILY FORCE)",IC,Invest Cont,624.0,,,,18400 W  VENTURA                      BL,,34.1678,-118.5336
200117868,09/12/2020 12:00:00 AM,09/12/2020 12:00:00 AM,15,1,Central,159,2,740,"VANDALISM - FELONY ($400 & OVER, ALL CHURCH VANDALISMS)",0329,56,M,W,101.0,STREET,,,IC,Invest Cont,740.0,,,,6TH                          ST,SANTA FE,34.0384,-118.2305
200609003,04/12/2020 12:00:00 AM,04/05/2020 12:00:00 AM,1700,6,Hollywood,622,1,440,THEFT PLAIN - PETTY ($950 & UNDER),1822 0344,55,F,W,501.0,SINGLE FAMILY DWELLING,,,IC,Invest Cont,440.0,,,,1800    LAUREL CANYON                BL,,34.1038,-118.3659
200910333,05/31/2020 12:00:00 AM,05/30/2020 12:00:00 AM,2030,9,Van Nuys,941,1,230,"ASSAULT WITH DEADLY WEAPON, AGGRAVATED ASSAULT",0906 1402 1100 1300 1310 0371 1822 0329,25,M,H,103.0,ALLEY,500.0,UNKNOWN WEAPON/OTHER WEAPON,IC,Invest Cont,230.0,998.0,,,NOBLE,DELANO,34.1766,-118.4589
201113361,09/07/2020 12:00:00 AM,09/07/2020 12:00:00 AM,620,11,Northeast,1141,1,236,INTIMATE PARTNER - AGGRAVATED ASSAULT,2000 0400 0416 0408 1814 1402,27,F,H,502.0,"MULTI-UNIT DWELLING (APARTMENT, DUPLEX, ETC)",400.0,"STRONG-ARM (HANDS, FIST, FEET OR BODILY FORCE)",AO,Adult Other,236.0,998.0,,,1800 N  MARIPOSA                     AV,,34.1036,-118.2995
201218543,08/14/2020 12:00:00 AM,08/14/2020 12:00:00 AM,1952,12,77th Street,1235,1,310,BURGLARY,1822 0508 0446 0444 1202,66,M,W,502.0,"MULTI-UNIT DWELLING (APARTMENT, DUPLEX, ETC)",400.0,"STRONG-ARM (HANDS, FIST, FEET OR BODILY FORCE)",AA,Adult Arrest,310.0,,,,1300 W  62ND                         ST,,33.9862,-118.3002
201307976,03/11/2020 12:00:00 AM,03/11/2020 12:00:00 AM,1720,13,Newton,1352,2,740,"VANDALISM - FELONY ($400 & OVER, ALL CHURCH VANDALISMS)",1307 0329 0913,37,F,B,122.0,"VEHICLE, PASSENGER/TRUCK",400.0,"STRONG-ARM (HANDS, FIST, FEET OR BODILY FORCE)",AO,Adult Other,740.0,,,,45TH                         ST,SAN PEDRO                    PL,34.0029,-118.2732
200610685,05/27/2020 12:00:00 AM,05/26/2020 12:00:00 AM,2030,6,Hollywood,632,2,626,INTIMATE PARTNER - SIMPLE ASSAULT,0400 0416 0448 0913 1414 1202 2000,71,F,W,501.0,SINGLE FAMILY DWELLING,400.0,"STRONG-ARM (HANDS, FIST, FEET OR BODILY FORCE)",IC,Invest Cont,626.0,,,,8500    LOOKOUT MOUNTAIN             AV,,34.1142,-118.3791
200612290,07/07/2020 12:00:00 AM,07/06/2020 12:00:00 AM,1800,6,Hollywood,648,1,520,VEHICLE - ATTEMPT STOLEN,0329 1300 1822,28,F,H,108.0,PARKING LOT,,,IC,Invest Cont,520.0,,,,1500 N  WESTERN                      AV,,34.0982,-118.3092
200909538,05/10/2020 12:00:00 AM,05/10/2020 12:00:00 AM,1130,9,Van Nuys,933,1,520,VEHICLE - ATTEMPT STOLEN,1607,58,M,H,108.0,PARKING LOT,,,IC,Invest Cont,520.0,,,,14600    SYLVAN                       ST,,34.1847,-118.4509
201016524,12/30/2020 12:00:00 AM,12/24/2020 12:00:00 AM,1000,10,West Valley,1035,2,956,"LETTERS, LEWD  -  TELEPHONE CALLS, LEWD",1822 1906,31,F,H,502.0,"MULTI-UNIT DWELLING (APARTMENT, DUPLEX, ETC)",,,AA,Adult Arrest,956.0,,,,18300    KITTRIDGE                    ST,,34.1902,-118.5335
200306076,02/04/2020 12:00:00 AM,02/03/2020 12:00:00 AM,1900,3,Southwest,356,1,420,THEFT FROM MOTOR VEHICLE - PETTY ($950 & UNDER),1606 0344 1251 1300,22,M,A,707.0,GARAGE/CARPORT,,,IC,Invest Cont,420.0,,,,1400 W  37TH                         ST,,34.021,-118.3002
200114935,07/16/2020 12:00:00 AM,07/16/2020 12:00:00 AM,1130,1,Central,157,2,626,INTIMATE PARTNER - SIMPLE ASSAULT,0913 1414 2000 0444 0447 1813,25,F,B,502.0,"MULTI-UNIT DWELLING (APARTMENT, DUPLEX, ETC)",400.0,"STRONG-ARM (HANDS, FIST, FEET OR BODILY FORCE)",AO,Adult Other,626.0,,,,500    STANFORD                     AV,,34.0416,-118.244
200813909,09/10/2020 12:00:00 AM,09/01/2020 12:00:00 AM,2300,8,West LA,882,1,310,BURGLARY,1210 0352 1403 1822 0344 1607,37,M,W,707.0,GARAGE/CARPORT,,,IC,Invest Cont,310.0,,,,1900    SAWTELLE                     BL,,34.041,-118.4437
201007134,03/11/2020 12:00:00 AM,03/11/2020 12:00:00 AM,1200,10,West Valley,1043,2,624,BATTERY - SIMPLE ASSAULT,1701 0360 0913 1202 0400 1414,74,F,W,501.0,SINGLE FAMILY DWELLING,400.0,"STRONG-ARM (HANDS, FIST, FEET OR BODILY FORCE)",AA,Adult Arrest,624.0,,,,18600    COLLINS                      ST,,34.1745,-118.5384
200618785,12/03/2020 12:00:00 AM,12/03/2020 12:00:00 AM,810,6,Hollywood,645,1,230,"ASSAULT WITH DEADLY WEAPON, AGGRAVATED ASSAULT",0400 0445 1822,30,M,W,101.0,STREET,304.0,CLUB/BAT,AO,Adult Other,230.0,,,,HOLLYWOOD,WHITLEY,34.1006,-118.3417
200217723,11/21/2020 12:00:00 AM,11/21/2020 12:00:00 AM,1940,2,Rampart,205,2,740,"VANDALISM - FELONY ($400 & OVER, ALL CHURCH VANDALISMS)",1402 0329 1822 2002,35,M,W,122.0,"VEHICLE, PASSENGER/TRUCK",200.0,KNIFE WITH BLADE 6INCHES OR LESS,AA,Adult Arrest,740.0,998.0,,,2500 W  SUNSET                       BL,,34.0795,-118.269
200120594,11/04/2020 12:00:00 AM,11/04/2020 12:00:00 AM,54,1,Central,121,1,420,THEFT FROM MOTOR VEHICLE - PETTY ($950 & UNDER),0344 0321 1300 1822,47,M,H,123.0,PARKING UNDERGROUND/BUILDING,,,IC,Invest Cont,420.0,,,,900 W  TEMPLE                       ST,,34.0607,-118.2494
201211884,04/30/2020 12:00:00 AM,04/29/2020 12:00:00 AM,1845,12,77th Street,1259,1,510,VEHICLE - STOLEN,,0,,,101.0,STREET,,,IC,Invest Cont,510.0,,,,FLORENCE,AVALON,33.9748,-118.2652
200200784,07/26/2020 12:00:00 AM,07/26/2020 12:00:00 AM,1047,2,Rampart,203,1,815,SEXUAL PENETRATION W/FOREIGN OBJECT,1822 2004 1218 2021 1415 2034 0500 0545 0537 0540,42,M,H,102.0,SIDEWALK,400.0,"STRONG-ARM (HANDS, FIST, FEET OR BODILY FORCE)",AA,Adult Arrest,815.0,998.0,,,700 N  VIRGIL                       AV,,34.0836,-118.2868
200711248,07/03/2020 12:00:00 AM,06/28/2020 12:00:00 AM,150,7,Wilshire,752,1,440,THEFT PLAIN - PETTY ($950 & UNDER),1822 0344,48,M,H,501.0,SINGLE FAMILY DWELLING,,,IC,Invest Cont,440.0,,,,1000 S  ORLANDO                      AV,,34.0588,-118.3738
200907665,03/20/2020 12:00:00 AM,03/18/2020 12:00:00 AM,2130,9,Van Nuys,904,1,420,THEFT FROM MOTOR VEHICLE - PETTY ($950 & UNDER),,0,,,108.0,PARKING LOT,,,IC,Invest Cont,420.0,,,,15200    STAGG                        ST,,34.2121,-118.4646
200700641,04/01/2020 12:00:00 AM,03/31/2020 12:00:00 AM,1630,7,Wilshire,701,1,310,BURGLARY,0344 1402,37,F,W,501.0,SINGLE FAMILY DWELLING,,,IC,Invest Cont,310.0,998.0,,,800 N  ALFRED                       ST,,34.0853,-118.3753
200917419,11/19/2020 12:00:00 AM,11/18/2020 12:00:00 AM,1445,9,Van Nuys,943,1,510,VEHICLE - STOLEN,,0,,,101.0,STREET,,,IC,Invest Cont,510.0,,,,14200    AETNA                        ST,,34.1802,-118.4421
200304905,01/16/2020 12:00:00 AM,01/16/2020 12:00:00 AM,1530,3,Southwest,377,1,761,BRANDISH WEAPON,0913 0360 0334 0554 1251,18,M,H,502.0,"MULTI-UNIT DWELLING (APARTMENT, DUPLEX, ETC)",205.0,KITCHEN KNIFE,IC,Invest Cont,761.0,,,,1200 W  39TH                         ST,,34.0155,-118.2975
